runtime,,
0.057268724,0.904761905,0.729957819
cpu,,
0.183333337,0.780487776,0.763719499
mem,,
0.130954278,0.866666675,0.736811578
ioread,,
0.270268203,0.252955423,0.677887145
iowrite,,
0.138349518,0.640449464,0.654410511