runtime,,
0.2278481,0.51428574,0.793061227
cpu,,
0.625,0.24587156,0.807883739
mem,,
0.202531651,0.571428597,0.762913227
ioread,,
0.202633712,0.376528958,0.663343906
iowrite,,
0.189873412,0.600000024,0.669727266