runtime,,
0.294117659,0.483870953,0.746020436
cpu,,
0.222222224,0.678469718,0.778978348
mem,,
0.466532798,0.254791663,0.6913957
ioread,,
0.320600259,0.407846683,0.675623804
iowrite,,
0.267442405,0.314346208,0.641846955