runtime,,
0.265277655,0.830994973,0.801315612
cpu,,
0.634812733,0.411937782,0.731914794
mem,,
0.517857145,0.336986468,0.670343947
ioread,,
0.600275102,0.463423582,0.755309284
iowrite,,
0.533183634,0.315237441,0.648648518