runtime,,
0.272385626,0.636600226,0.753000061
cpu,,
0.39247233,0.334741431,0.653154862
mem,,
0.313135651,0.421538293,0.660809516
ioread,,
0.47857667,0.327033204,0.717824686
iowrite,,
0.394342022,0.408733787,0.684279802