runtime,,
0.33821352,0.538094244,0.793731263
cpu,,
0.531928512,0.301854643,0.715111757
mem,,
0.426313567,0.272404002,0.665264975
ioread,,
0.528570176,0.443353882,0.72552135
iowrite,,
0.504013865,0.380575788,0.676944949