runtime,,
0.298355226,0.281046932,0.75347594
cpu,,
0.289516932,0.371007165,0.756626506
mem,,
0.374496357,0.211322762,0.770861688
ioread,,
0.185957417,0.528081714,0.69393084
iowrite,,
0.228400624,0.395200746,0.695046395