runtime,,
0.369766577,0.349131994,0.789920422
cpu,,
0.25,0.666666672,0.747188777
mem,,
0.372524579,0.211192693,0.76897248
ioread,,
0.304622003,0.366840656,0.6799521
iowrite,,
0.186574326,0.384322,0.673222828