runtime,,
0.329563294,0.335071555,0.754038134
cpu,,
0.114251782,0.958231151,0.764911045
mem,,
0.328051572,0.302367812,0.743660009
ioread,,
0.236869249,0.471428594,0.689939249
iowrite,,
0.230904292,0.327046692,0.685682455