runtime,,
0.473955286,0.405068421,0.671109927
cpu,,
0.256627081,0.883012289,0.841801271
mem,,
0.608769086,0.489442133,0.758268803
ioread,,
0.595171738,0.541732693,0.738248909
iowrite,,
0.628388673,0.55497923,0.774233669