runtime,,
0.532033326,0.402623042,0.729073244
cpu,,
0.313619375,0.956627081,0.900690287
mem,,
0.636184123,0.569476449,0.83753587
ioread,,
0.671771261,0.572476511,0.831054783
iowrite,,
0.702397409,0.57419866,0.837916088