runtime,,
0.554793318,0.364835798,0.710850221
cpu,,
0.273823942,0.944444438,0.878363454
mem,,
0.563363323,0.508400133,0.755806762
ioread,,
0.661767012,0.461485256,0.754650092
iowrite,,
0.666857529,0.387951732,0.768098658